HSAP_FILTER,GROUP,SUBSET_GROUP,ASSEMBLY_METHOD,DATA_TYPE,Completeness,Contamination,Contig_Number,Avg_Depth,Coding_Density,Average_Gene_Length,Genome_Size,GC_Content,Total_Coding_Sequences,closest_placement_ani,closest_placement_af,Complete,High-Quality+F:R,best_include,difference_percent_cMAG,difference_percent_hqMAG,30Gb,hybrid,Total_bases,Mb,data_size_Gb,Read_length_N50,Median_read_quality,Number_of_reads,data_avail_PB_ONT
NO,A6,SUB_01G,metaflye,ont,1015.1699999999998,40.11,45,114,9.443000000000001,3256.291734,39059513,4.93,38207,968.1299999999999,8.52,2,5,,,,0,0,,,,,,,
NO,A6,SUB_01G,metaflye,pb,947.85,8.009999999999998,70,118,8.718,3422.807923,32105453,4.48,27144,969.15,8.399999999999999,1,7,,,,0,0,,,,,,,
NO,A6,SUB_01G,metamdbg,ont,83.5,1.23,5,29,0.868,344.1747185,3271926,0.45,2753,96.03,0.72,0,0,,,,0,0,,,,,,,
NO,A6,SUB_01G,metamdbg,pb,983.8500000000001,19.35,71,87,8.708,3400.7941757999997,34056424,4.4799999999999995,28956,970.37,8.479999999999999,2,8,,,,0,0,,,,,,,
NO,A6,SUB_05G,metaflye,ont,2396,45.2,88,638,22.48,7971.8921236000015,79529038,11.52,74302,2405.52,21.28,6,15,,,,0,0,,,,,,,
NO,A6,SUB_05G,metaflye,pb,2857.1499999999996,26.500000000000004,144,1039,26.29,9897.661569300002,89201562,13.02,77628,2519.9600000000005,22.3,11,23,,,,0,0,,,,,,,
NO,A6,SUB_05G,metamdbg,ont,1006.35,36.410000000000004,86,416,9.541,3558.6135759999993,34172867,4.65,30112,967.71,7.97,2,5,,,,0,0,,,,,,,
NO,A6,SUB_05G,metamdbg,pb,3339.7,47.36999999999999,213,804,30.653,11549.99021,104386066,15.64,91335,3001.4700000000007,26.3,9,28,,,,0,0,,,,,,,
NO,A6,SUB_10G,metaflye,ont,3855.279999999999,96.84999999999998,182,1193,36.20200000000001,12700.480586800006,117905437,18.73,112159,3835.1400000000012,33.699999999999996,11,23,,,,0,0,,,,,,,
NO,A6,SUB_10G,metaflye,pb,3722.7999999999997,41.75,181,1481,34.09499999999999,12770.04305,112410535,17.180000000000003,98993,3469.5800000000004,30.3,15,30,,,,0,0,,,,,,,
NO,A6,SUB_10G,metamdbg,ont,1816.57,35.790000000000006,89,1190,16.62,6359.495769599999,60608866,8.520000000000001,52481,1643.5800000000004,14.350000000000001,7,15,,,,0,0,,,,,,,
NO,A6,SUB_10G,metamdbg,pb,4536.439999999999,66.73000000000002,218,1687,41.196000000000005,15545.240322600002,141031748,20.570000000000004,123332,4243.479999999999,37.30000000000001,21,38,,,,0,0,,,,,,,
NO,A6,SUB_20G,metaflye,ont,5944.040000000001,125.3,337,2140,55.91399999999998,19351.98379300001,184418698,28.97,179619,5663.699999999999,49.21999999999999,15,37,,,,0,0,,,,,,,
NO,A6,SUB_20G,metaflye,pb,6250.71,93.99999999999997,305,3653,57.68599999999998,21468.215978999993,188260047,28.909999999999997,167469,5764.130000000001,49.57000000000001,21,48,,,,0,0,,,,,,,
NO,A6,SUB_20G,metamdbg,ont,2626.9300000000007,71.57000000000002,191,2510,25.417,9500.452116,82601903,12.700000000000001,72953,2409.5699999999997,20.159999999999997,6,15,,,,0,0,,,,,,,
NO,A6,SUB_20G,metamdbg,pb,7132.839999999999,75.98999999999998,315,4864,64.74400000000001,24309.25169529999,216404555,33.040000000000006,190692,6645.369999999998,58.199999999999996,31,62,,,,0,0,,,,,,,
NO,A6,SUB_30G,metaflye,ont,6581.92,134.82000000000002,258,3730,60.644999999999996,21468.58646,196488969,31.580000000000005,185955,6341.049999999997,55.49999999999999,23,48,,,,0,0,,,,,,,
NO,A6,SUB_30G,metaflye,pb,7449.319999999998,87.63000000000001,334,5874,68.30300000000001,25432.553029899995,221552662,34.98000000000002,197350,6924.330000000003,60.26000000000001,28,64,,,,0,0,,,,,,,
NO,A6,SUB_30G,metamdbg,ont,3398.1499999999996,71.2,180,4408,31.50499999999999,11865.329046400002,108366565,15.899999999999999,94890,3198.7899999999995,27.900000000000002,14,24,,,,0,0,,,,,,,
NO,A6,SUB_30G,metamdbg,pb,8373.649999999998,110,360,6765,76.091,28450.912335599995,254458913,40.40000000000001,225742,7492.21,65.03,39,71,,,,0,0,,,,,,,
NO,A6,SUB_40G,metaflye,ont,7740.289999999997,162.94999999999996,348,3846,71.90099999999997,25082.031708100018,228200015,37.65,219764,7298.990000000004,64.36,26,54,,,,0,0,,,,,,,
NO,A6,SUB_40G,metamdbg,ont,4358.33,88.97,246,4310,40.211,14913.197173899996,132400817,20.169999999999998,118034,4258.510000000001,37.57999999999999,21,35,,,,0,0,,,,,,,
NO,A6,SUB_ALL,metaflye,ont,9699.820000000002,157.04000000000002,402,10176,90.39099999999996,31887.248292399985,278958301,46.65000000000001,264718,9294.600000000006,81.10999999999999,37,74,,,,0,0,,,,,,,
NO,A6,SUB_ALL,metaflye,pb,17490.60999999999,241.19999999999993,728,15307,158.38800000000003,58883.010850499995,515402468,81.56000000000006,460185,16062.659999999996,140.25000000000003,77,148,,,,0,0,,,,,,,
NO,A6,SUB_ALL,metamdbg,ont,6262.31,131.35,297,7301,57.766000000000005,21215.897088899997,180554537,28.820000000000007,163113,5875.5199999999995,50.71999999999999,25,46,,,,0,0,,,,,,,
NO,A6,SUB_ALL,metamdbg,pb,19698.769999999986,267.9800000000001,742,18616,177.97599999999997,65841.92709,579289306,91.17000000000002,518652,17770.089999999997,154.01999999999995,104,174,,,,0,0,,,,,,,
NO,D5,SUB_01G,metaflye,ont,393.72999999999996,7.41,13,132,3.514,1346.42748,11973305,1.6099999999999999,10331,390.15999999999997,3.3899999999999997,3,3,,,,0,0,,,,,,,
NO,D5,SUB_01G,metaflye,pb,592.97,1.97,34,191,5.285,2080.007105,21228912,2.46,17833,584.39,4.94,3,6,,,,0,0,,,,,,,
NO,D5,SUB_01G,metamdbg,ont,195.61,10.969999999999999,21,87,1.74,682.8118208999999,6666565,0.8300000000000001,5672,196.01999999999998,1.79,0,1,,,,0,0,,,,,,,
NO,D5,SUB_01G,metamdbg,pb,696.97,2.18,47,198,6.162000000000001,2389.945019,25903958,2.92,22147,679.8000000000001,5.79,3,7,,,,0,0,,,,,,,
NO,D5,SUB_05G,metaflye,ont,2040.8600000000001,43.7,208,700,18.977,6804.455557899999,64780923,10.009999999999998,59731,2024.3500000000001,16.949999999999996,3,15,,,,0,0,,,,,,,
NO,D5,SUB_05G,metaflye,pb,2775.070000000001,33.410000000000004,187,1180,25.212999999999997,9556.812359,84570514,13.590000000000002,74080,2689.21,23.130000000000003,6,22,,,,0,0,,,,,,,
NO,D5,SUB_05G,metamdbg,ont,567.1199999999999,4.09,47,543,5.307,2024.655896,19286582,2.32,16692,486.76000000000005,4.18,2,5,,,,0,0,,,,,,,
NO,D5,SUB_05G,metamdbg,pb,2576.6199999999994,35.72,139,1175,23.484999999999996,8841.238393399999,77728569,12.56,68609,2507.7000000000007,21.35,8,20,,,,0,0,,,,,,,
NO,D5,SUB_10G,metaflye,ont,3918.919999999999,73.46000000000002,317,1472,36.394,13088.311115800003,124648336,20.09,115249,3857.379999999999,33.21,8,28,,,,0,0,,,,,,,
NO,D5,SUB_10G,metaflye,pb,5334.099999999998,52.11000000000002,312,2587,48.26000000000001,18312.18306,165698452,25.619999999999997,145136,5096.969999999999,44.16,13,49,,,,0,0,,,,,,,
NO,D5,SUB_10G,metamdbg,ont,1054.51,18.96,77,1366,9.538,3602.203382,34773358,4.819999999999999,30283,1064.1200000000001,8.98,3,10,,,,0,0,,,,,,,
NO,D5,SUB_10G,metamdbg,pb,5734.409999999999,78.91000000000001,294,2634,52.730000000000025,19978.516461400002,182316782,27.950000000000003,159703,5578.759999999999,47.94,24,48,,,,0,0,,,,,,,
NO,D5,SUB_20G,metaflye,ont,7248.399999999997,134.31,542,4127,66.975,24157.43519359999,214718312,36.48,197932,7030.550000000002,60.9,20,57,,,,0,0,,,,,,,
NO,D5,SUB_20G,metaflye,pb,8797.549999999997,116.77,497,5457,80.69100000000005,30382.71325,264291607,43.46999999999999,233333,8489.98,73.79000000000002,27,76,,,,0,0,,,,,,,
NO,D5,SUB_20G,metamdbg,ont,2030.2600000000002,28.709999999999997,96,2946,18.336000000000002,6881.727906,66184762,9.440000000000001,58314,1935.9000000000005,16.19,9,18,,,,0,0,,,,,,,
NO,D5,SUB_20G,metamdbg,pb,8814.449999999995,118.99999999999999,359,5487,80.641,30251.569921500006,262734179,43.68,233106,8485.419999999998,73.05000000000001,44,73,,,,0,0,,,,,,,
NO,D5,SUB_30G,metaflye,ont,8238.539999999999,131.46,550,6344,75.84500000000003,27774.28713,241195444,41.580000000000005,219117,8010.069999999999,69.69000000000001,22,67,,,,0,0,,,,,,,
NO,D5,SUB_30G,metaflye,pb,10768.129999999996,120.05,496,8201,98.033,36753.974163899984,322887974,53.190000000000005,286936,10424.909999999998,90.68000000000004,45,94,,,,0,0,,,,,,,
NO,D5,SUB_30G,metamdbg,ont,3452.21,73.38000000000001,171,4549,31.492000000000004,11789.189301200002,112337666,16.870000000000005,99629,3276.4,28.080000000000002,14,29,,,,0,0,,,,,,,
NO,D5,SUB_30G,metamdbg,pb,11132.999999999995,119.16,410,8527,102.3839999999999,38329.01062110001,331316011,55.91000000000001,294717,10695.370000000003,92.09000000000003,65,92,,,,0,0,,,,,,,
NO,D5,SUB_40G,metaflye,ont,10122.680000000004,176.50000000000009,659,8571,93.176,34196.45182,301112352,51.190000000000005,273020,9946.91,87.20999999999995,27,76,,,,0,0,,,,,,,
NO,D5,SUB_40G,metaflye,pb,12487.68999999999,171.68000000000004,563,7734,113.89099999999999,42743.05985109999,377890980,62.150000000000006,335504,12169.530000000004,106.19000000000001,56,108,,,,0,0,,,,,,,
NO,D5,SUB_40G,metamdbg,ont,3486.7400000000007,63.10000000000001,218,5227,32.284000000000006,12130.03207,111129869,17.000000000000004,98202,3345.8899999999994,28.39,14,27,,,,0,0,,,,,,,
NO,D5,SUB_40G,metamdbg,pb,12315.539999999997,211.79000000000002,481,11317,111.90800000000006,41803.7325,369736513,61.830000000000034,330003,11657.260000000002,101.01000000000006,64,102,,,,0,0,,,,,,,
NO,D5,SUB_ALL,metaflye,ont,13432.599999999995,208.9500000000001,894,17831,122.94999999999997,45416.672559599996,391263209,67.15999999999997,352976,13222.329999999996,115.28999999999998,38,108,,,,0,0,,,,,,,
NO,D5,SUB_ALL,metaflye,pb,28085.930000000004,355.5799999999999,1248,29282,255.553,95923.04488810006,837921637,140.5,744090,27376.930000000004,237.46999999999994,127,252,,,,0,0,,,,,,,
NO,D5,SUB_ALL,metamdbg,ont,8918.16,179.23000000000002,521,14921,83.22,30993.852976399998,270181196,44.529999999999994,240998,8406.789999999999,72.23,30,63,,,,0,0,,,,,,,
NO,D5,SUB_ALL,metamdbg,pb,28843.139999999996,390.81,1054,33328,262.4620000000002,98389.52823439999,856118107,143.70000000000007,761690,28047.83,242.84000000000023,161,254,,,,0,0,,,,,,,
NO,H6,SUB_01G,metaflye,ont,833.2099999999999,10.479999999999999,47,78,7.779,2683.878258,23342576,3.94,22342,873.17,7.78,1,6,,,,0,0,,,,,,,
NO,H6,SUB_01G,metaflye,pb,895.99,8,32,131,7.916,2968.2864096999997,26012625,3.85,22747,873.69,7.77,3,9,,,,0,0,,,,,,,
NO,H6,SUB_01G,metamdbg,ont,92.73,0.46,10,14,0.898,298.02978060000004,1901287,0.32,1914,98.69,0.88,0,1,,,,0,0,,,,,,,
NO,H6,SUB_01G,metamdbg,pb,992.1099999999999,15.85,22,150,8.787,3319.3190466000005,30803634,4.29,26752,969.3900000000001,8.43,5,9,,,,0,0,,,,,,,
NO,H6,SUB_05G,metaflye,ont,2474.0499999999993,61.96,165,460,23.284,8117.280244,74640445,12.169999999999998,71551,2316.5099999999998,20.460000000000004,3,15,,,,0,0,,,,,,,
NO,H6,SUB_05G,metaflye,pb,3651.2700000000004,42.83,249,867,33.24700000000001,12336.252995899998,108573152,17.25,96802,3478.3199999999993,30.73,9,30,,,,0,0,,,,,,,
NO,H6,SUB_05G,metamdbg,ont,765,13.92,36,386,6.9879999999999995,2601.115976,22272495,3.39,19720,773.41,6.76,3,7,,,,0,0,,,,,,,
NO,H6,SUB_05G,metamdbg,pb,3283.1299999999997,33.51,128,877,29.791999999999998,11200.222842500001,99455493,15.56,87644,2997.41,26.160000000000004,14,30,,,,0,0,,,,,,,
NO,H6,SUB_10G,metaflye,ont,3391.4799999999996,76.39999999999999,217,763,32.087,11079.790642100003,98445020,17,95336,3288.439999999999,29.359999999999996,12,23,,,,0,0,,,,,,,
NO,H6,SUB_10G,metaflye,pb,5539.78,69.86000000000001,288,1888,50.689999999999976,19003.295368099993,158857117,26.790000000000003,140576,5416.540000000002,47.90000000000001,21,45,,,,0,0,,,,,,,
NO,H6,SUB_10G,metamdbg,ont,1193.93,25.18,69,819,11.417,4196.104280900001,33418533,5.66,30245,1263.1100000000001,10.64,4,8,,,,0,0,,,,,,,
NO,H6,SUB_10G,metamdbg,pb,5695.469999999999,49.16000000000001,232,2074,51.828,19609.38917,166509183,27.89,146162,5317.679999999999,46.81999999999999,32,53,,,,0,0,,,,,,,
NO,H6,SUB_20G,metaflye,ont,5518.990000000002,100.18,314,2815,52.07499999999998,18342.508787699997,156452789,27.399999999999988,148054,5395.329999999997,47.519999999999996,20,37,,,,0,0,,,,,,,
NO,H6,SUB_20G,metaflye,pb,8027.2599999999975,94.13999999999999,361,4341,72.34699999999998,27032.84457259999,226375356,38.039999999999985,201335,7715.170000000003,67.72999999999999,32,71,,,,0,0,,,,,,,
NO,H6,SUB_20G,metamdbg,ont,2135.6200000000003,43.04,150,1567,20.214000000000002,7457.223808499999,59154205,10.210000000000003,53117,2026.8000000000002,17.610000000000003,6,16,,,,0,0,,,,,,,
NO,H6,SUB_20G,metamdbg,pb,7471.499999999998,88.91999999999996,276,3869,68.09199999999998,25469.11417,203500135,35.84,180619,7045.850000000001,61.74,42,64,,,,0,0,,,,,,,
NO,H6,SUB_30G,metaflye,ont,7190.870000000002,132.02000000000004,393,4162,67.573,23908.47987,202475272,35.819999999999986,190700,7026.290000000002,61.629999999999995,22,48,,,,0,0,,,,,,,
NO,H6,SUB_30G,metaflye,pb,9152.32,106.07,383,6341,82.89199999999997,30957.231,255616413,43.92,227593,8790.289999999997,78.06,37,82,,,,0,0,,,,,,,
NO,H6,SUB_30G,metamdbg,ont,3623.0299999999993,78.24000000000002,225,3845,34.190999999999995,12666.64575,105242617,17.78,94495,3573.9700000000007,30.51,16,23,,,,0,0,,,,,,,
NO,H6,SUB_30G,metamdbg,pb,9852.559999999996,96.52999999999999,380,6131,89.05399999999997,33261.72113,276382967,47.77000000000001,246435,9279.310000000001,81.29,56,88,,,,0,0,,,,,,,
NO,H6,SUB_40G,metaflye,ont,9156.850000000006,181.99999999999994,572,6251,85.78299999999999,30199.019836699998,264791025,45.77000000000001,253946,8875.760000000004,78.32999999999998,28,65,,,,0,0,,,,,,,
NO,H6,SUB_40G,metaflye,pb,11999.119999999997,126.33000000000007,562,9134,110.00599999999996,40865.29652,341729346,59.500000000000014,305805,11502.79999999999,100.54000000000005,53,104,,,,0,0,,,,,,,
NO,H6,SUB_40G,metamdbg,ont,4075.27,88.47000000000001,258,5429,38.44199999999999,14227.942669200002,115049236,19.9,103050,3663.7999999999997,31.63,14,27,,,,0,0,,,,,,,
NO,H6,SUB_40G,metamdbg,pb,11573.529999999997,131.75,456,8613,104.90300000000002,39074.813815199996,329811003,56.71000000000001,294655,10820.840000000004,94.60000000000004,70,100,,,,0,0,,,,,,,
NO,H6,SUB_ALL,metaflye,ont,9405.929999999997,178.50000000000009,465,8813,86.932,30998.298995899993,275560483,46.48000000000002,260355,8694.919999999998,77.75,35,71,,,,0,0,,,,,,,
NO,H6,SUB_ALL,metaflye,pb,25041.86999999999,279.74999999999983,1145,22439,228.10299999999995,84715.50099740001,717478882,123.07999999999986,642433,23774.360000000004,208.43999999999997,114,218,,,,0,0,,,,,,,
NO,H6,SUB_ALL,metamdbg,ont,5253.33,138.93,312,7634,49.897,18516.675530300006,143376224,25.55999999999999,128126,5006.5,43.21,22,36,,,,0,0,,,,,,,
NO,H6,SUB_ALL,metamdbg,pb,26147.019999999982,301.61,1041,23439,237.6370000000002,88312.52368070002,743562798,129.10999999999993,665889,24719.909999999985,215.0900000000001,151,228,,,,0,0,,,,,,,
YES,A1,ALL,metaflye,HYBRID,1191.6200000000001,10.129999999999999,69,1199,10.347000000000001,3822.0953431999997,38174385,5.950000000000001,34503,1161.6899999999998,9.87,7,12,0,,,0,1,5758020513,5758,5.758,9148,24,817860,1
YES,A1,ALL,metamdbg,HYBRID,1604.77,17.71,83,1232,14.685,5482.558700399999,49359070,8.43,44254,1553.8700000000001,13.220000000000002,9,12,0,,,0,1,5758020513,5758,5.758,9148,24,817860,1
YES,A2,ALL,metaflye,HYBRID,995.98,2.2399999999999998,29,978,8.564,3392.441728,31997601,4.529999999999999,26868,964.55,8.290000000000001,7,10,0,,,0,1,4598724719,4599,4.599,13811,22,557259,1
YES,A2,ALL,metamdbg,HYBRID,1555.2000000000003,7.34,45,1054,13.785999999999998,5314.648299,46235901,7.58,39747,1449.41,12.559999999999999,11,14,0,,,0,1,4598724719,4599,4.599,13811,22,557259,1
YES,A3,ALL,metaflye,HYBRID,2600.4000000000005,27.269999999999996,127,3888,23.680999999999994,8871.78541,81935923,11.920000000000002,72320,2312.4500000000003,20.01,13,21,0,,,0,1,15112638011,15113,15.113,11222,36,1763589,1
YES,A3,ALL,metamdbg,HYBRID,2725.85,31.189999999999998,96,3921,24.579,9305.582955,83725741,12.15,73069,2399.55,20.560000000000002,18,23,0,,,0,1,15112638011,15113,15.113,11222,36,1763589,1
YES,A4,ALL,metaflye,HYBRID,3968.909999999999,33.33,194,2657,35.79600000000001,13599.11935,129459504,18.299999999999997,112755,3664.5599999999986,31.91,13,33,0,,,0,1,11293399049,11293,11.293,12411,32,1270788,1
YES,A4,ALL,metamdbg,HYBRID,4207.1,57.2,209,2334,38.409000000000006,14443.946604800003,133043191,19.629999999999995,117043,4049.5200000000004,35.09,22,36,0,,,0,1,11293399049,11293,11.293,12411,32,1270788,1
YES,A5,ALL,metaflye,HYBRID,2938.0999999999995,34.53,168,1426,27.142999999999997,10475.210984100002,97073577,13.790000000000001,83540,2967.71,24.569999999999993,8,22,0,,,0,1,7368362737,7368,7.368,8821,30,1287577,1
YES,A5,ALL,metamdbg,HYBRID,3395.9400000000005,53.94999999999999,144,1290,30.651999999999994,11646.884700599996,112397077,15.32,98047,3247.1200000000013,27.660000000000004,15,28,0,,,0,1,7368362737,7368,7.368,8821,30,1287577,1
YES,A6,ALL,metaflye,HYBRID,8766.499999999996,108.46,328,11318,79.65699999999998,29766.29063120001,259041363,41.25,230444,8268.630000000005,71.30999999999999,45,73,0,,,0,1,57656554797,57657,57.657,11786,30,5762236,1
YES,A6,ALL,metaflye,ont,10198.499999999996,198.14,493,10316,96.35199999999998,33785.741828000006,290298539,50.25000000000002,278043,9866.789999999999,85.16999999999996,35,70,0,,,0,0,77473336937,77473,77,27272,17,6305383,1
YES,A6,ALL,metaflye,pb,8628.439999999999,122.88999999999999,362,7232,78.73200000000001,29244.255748600004,256379014,40.45000000000001,229324,7879.689999999999,68.35999999999999,33,72,0,,,0,0,36509387134,36509,37,9698,33,4436775,1
YES,A6,ALL,metamdbg,HYBRID,11103.149999999994,151.88000000000002,452,12816,100.89299999999999,37225.82648,326961991,51.87000000000001,293612,9899.5,85.97999999999999,57,93,0,,,0,1,57656554797,57657,57.657,11786,30,5762236,1
YES,A6,ALL,metamdbg,ont,6477.619999999999,123.78999999999999,346,8871,60.404,22236.6484,192941465,30.510000000000005,173535,6168.590000000001,53.479999999999976,22,48,0,,,0,0,77473336937,77473,77,27272,17,6305383,1
YES,A6,ALL,metamdbg,pb,8631.43,125.77999999999999,313,6125,77.971,28952.946719599997,255301499,39.65000000000001,227515,7872.220000000004,68.29,47,75,0,,,0,0,36509387134,36509,37,9698,33,4436775,1
YES,A6,SUB_01G,metaflye,ont,880.9200000000001,37.4,34,107,8.606,3012.2472014999994,31918012,4.48,30672,966.74,8.309999999999999,2,4,1,,,1,0,1000000136,1000,1,27158,17,81678,1
YES,A6,SUB_01G,metaflye,pb,1126.99,13.03,80,149,10.436000000000002,4088.806586,39066813,5.3999999999999995,33120,1161.02,9.860000000000001,2,9,0,,,1,0,1000002031,1000,1,9690,33,121466,1
YES,A6,SUB_01G,metamdbg,ont,99.72,2.53,8,14,0.903,325.5431655,2698727,0.41,2502,98.46,0.88,0,1,0,,,1,0,1000000136,1000,1,27158,17,81678,1
YES,A6,SUB_01G,metamdbg,pb,914.1600000000001,7.6499999999999995,51,103,8.753,3461.4974873999995,31137211,4.549999999999999,26166,966.71,7.9399999999999995,2,5,1,1,1.25,1,0,1000002031,1000,1,9690,33,121466,1
YES,A6,SUB_05G,metaflye,ont,2289.2,47.11,95,707,21.692,7756.931653799999,75496628,10.96,70064,2215.46,19.86,6,13,1,,,1,0,5000004468,5000,5,27267,17,406805,1
YES,A6,SUB_05G,metaflye,pb,2544.87,30.04,93,916,23.61,9010.620076,83108911,11.929999999999998,71980,2321.8699999999994,20.18,9,19,0,,,1,0,5000009081,5000,5,9689,33,607775,1
YES,A6,SUB_05G,metamdbg,ont,1088.6899999999998,24.699999999999996,119,373,10.44,3881.100084,35763416,5.1,31797,1062.6599999999999,8.74,0,6,0,,,1,0,5000004468,5000,5,27267,17,406805,1
YES,A6,SUB_05G,metamdbg,pb,3176.0599999999995,42.580000000000005,126,1107,28.90000000000001,10917.83801,99747791,14.790000000000001,86722,2903.690000000001,25.330000000000002,11,25,1,1.833333333,1.923076923,1,0,5000009081,5000,5,9689,33,607775,1
YES,A6,SUB_10G,metaflye,ont,3459.4300000000003,67.94,142,1302,32.104000000000006,11515.409998500001,107754261,16.779999999999998,100061,3273.7400000000002,28.669999999999998,13,24,1,,,1,0,10000003821,10000,10,27340,17,812270,1
YES,A6,SUB_10G,metaflye,pb,4331.05,56.710000000000015,244,2277,39.44200000000001,14883.00898,134912047,19.75,117943,4144.919999999999,36.29,13,33,0,,,1,0,10000006498,10000,10,9697,33,1215550,1
YES,A6,SUB_10G,metamdbg,ont,1414.22,20.09,53,762,13.088,4993.9308906999995,45498883,6.579999999999999,39509,1354.08,11.700000000000001,6,13,0,,,1,0,10000003821,10000,10,27340,17,812270,1
YES,A6,SUB_10G,metamdbg,pb,4902.3,66.32000000000002,227,2383,44.71999999999999,16895.875267900003,156117812,22.34,136423,4628.820000000001,40.38000000000002,21,42,1,1.615384615,1.75,1,0,10000006498,10000,10,9697,33,1215550,1
YES,A6,SUB_20G,metaflye,ont,5537.870000000001,106.52999999999999,229,3220,51.76499999999999,18301.65224,167964172,26.780000000000005,158838,5282.430000000001,45.24000000000001,19,36,1,,,1,0,20000026600,20000,20,27276,17,1628283,1
YES,A6,SUB_20G,metaflye,pb,6070.169999999999,67.82999999999997,285,3623,55.103,20590.90077,180501342,27.950000000000003,160143,5591.110000000001,49.15,25,55,0,,,1,0,20000000295,20000,20,9697,33,2430246,1
YES,A6,SUB_20G,metamdbg,ont,2352.9400000000005,59.32,140,1711,21.872999999999998,8191.806608,70456386,11.02,62012,2215.0899999999992,19.540000000000006,6,18,0,,,1,0,20000026600,20000,20,27276,17,1628283,1
YES,A6,SUB_20G,metamdbg,pb,6712.58,81.98,230,3637,60.374,22619.72042,200762891,30.27,177474,6153.200000000001,54.02999999999999,33,60,1,1.736842105,1.666666667,1,0,20000000295,20000,20,9697,33,2430246,1
YES,A6,SUB_30G,metaflye,ont,7098.459999999998,157.12,306,4001,65.83,23392.651006699998,213814606,33.84000000000001,201224,6446.4800000000005,56.30999999999998,22,47,1,,,1,0,30000014889,30000,30,27264,17,2442298,1
YES,A6,SUB_30G,metaflye,pb,7413.749999999997,70.14999999999999,327,5018,67.362,24907.582479599998,213999469,34.59000000000002,192010,6937.950000000001,60.46,29,67,0,,,1,0,30000009945,30000,30,9700,33,3645119,1
YES,A6,SUB_30G,metamdbg,ont,3110.589999999999,60.63000000000001,154,2726,28.891000000000002,10685.257522800002,92200097,14.47,82070,3095.2599999999993,27.209999999999994,16,25,0,,,1,0,30000014889,30000,30,27264,17,2442298,1
YES,A6,SUB_30G,metamdbg,pb,8281.739999999996,115.09999999999998,331,5520,75.248,28107.712020799998,248226731,39.31000000000001,220271,7482.939999999997,64.59,38,68,1,1.727272727,1.446808511,1,0,30000009945,30000,30,9700,33,3645119,1
YES,A6,SUB_40G,metaflye,ont,7576.689999999999,147.13,324,4545,70.28500000000001,24863.747383100006,228672679,36.330000000000005,217011,7400.520000000001,64.97999999999999,29,56,0,,,0,0,40000009543,40000,40,27298,17,3252659,1
YES,A6,SUB_40G,metamdbg,ont,4159.2699999999995,93.07000000000001,227,6075,39.332999999999984,14637.057333399998,123710421,19.979999999999997,109710,4259.910000000001,37.21999999999999,16,26,0,,,0,0,40000009543,40000,40,27298,17,3252659,1
YES,B1,ALL,metaflye,HYBRID,5512.799999999999,55.41999999999999,312,8645,49.70099999999999,18461.684641999993,166150158,26.129999999999995,148509,5210.18,44.849999999999994,15,47,0,,,0,1,38893957623,38894,38.894,7421,24,7139034,1
YES,B1,ALL,metamdbg,HYBRID,6255.389999999998,73.60999999999997,210,9609,56.70099999999998,21022.456043100003,189920010,29.869999999999994,170242,6079.140000000002,51.26000000000001,25,51,0,,,0,1,38893957623,38894,38.894,7421,24,7139034,1
YES,B2,ALL,metaflye,HYBRID,183.75,0.8,7,120,1.715,649.3887042,5330947,0.9,4680,193.22,1.62,0,1,0,,,0,1,1294669383,1295,1.295,7280,22,514406,0
YES,B2,ALL,metaflye,ont,1257.0300000000002,10.940000000000001,53,592,11.069,4130.2552258000005,38968795,5.820000000000001,34978,1268.72,11.53,5,11,0,,,0,0,,,,,,,
YES,B2,ALL,metamdbg,HYBRID,584.1,9.17,36,189,5.0760000000000005,1994.5187270000001,16274516,2.77,13856,583.5799999999999,5.32,3,4,0,,,0,1,1294669383,1295,1.295,7280,22,514406,0
YES,B3,ALL,metaflye,HYBRID,3343.2599999999998,42.269999999999996,219,1826,31.423,11675.895391999999,106072678,16.400000000000002,94617,3267.890000000001,27.320000000000004,9,25,0,,,0,1,12265889667,12266,12.266,9978,35,1592942,1
YES,B3,ALL,metamdbg,HYBRID,4333.119999999998,62.559999999999995,243,3010,39.466,14759.284375599998,139999532,20.439999999999998,124036,4234.2,35.830000000000005,21,38,0,,,0,1,12265889667,12266,12.266,9978,35,1592942,1
YES,B4,ALL,metaflye,HYBRID,5768.7699999999995,75.93000000000002,269,6010,51.86399999999999,19950.207737599994,178410282,26.559999999999995,154122,5608.469999999999,49.18000000000001,13,47,0,,,0,1,28616937033,28617,28.617,8760,38,3961083,1
YES,B4,ALL,metamdbg,HYBRID,6172.589999999998,73.77,243,5400,56.326000000000015,21606.24572,187587529,28.39,162035,5901.689999999999,51.89999999999999,27,49,0,,,0,1,28616937033,28617,28.617,8760,38,3961083,1
YES,B5,ALL,metaflye,HYBRID,3626.7400000000002,24.399999999999995,178,2191,33.209999999999994,12467.878379900001,103069907,17.390000000000004,91591,3560.56,31.120000000000005,12,30,0,,,0,1,17586053290,17586,17.586,7861,37,2689087,1
YES,B5,ALL,metamdbg,HYBRID,4279.0999999999985,62.92000000000001,207,3685,40.246000000000016,15070.1632,128410785,20.640000000000004,113887,4143.090000000001,35.59,15,29,0,,,0,1,17586053290,17586,17.586,7861,37,2689087,1
YES,B6,ALL,metaflye,HYBRID,2961.4799999999987,34.540000000000006,95,6203,26.981000000000005,10214.378278999999,92974251,13.38,81354,2691.4,23.06,14,23,0,,,0,1,26865890867,26866,26.866,12366,21,3789351,1
YES,B6,ALL,metamdbg,HYBRID,5881.280000000001,119.35000000000001,291,5991,54.047,19948.156416200007,174875139,27.440000000000005,157566,5051.92,42.940000000000005,22,40,0,,,0,1,26865890867,26866,26.866,12366,21,3789351,1
YES,C1,ALL,metaflye,HYBRID,1734.6100000000001,10.989999999999998,45,1343,15.577000000000002,6056.572928999999,48451835,8.89,41352,1642.3,14.41,11,15,0,,,0,1,12379489571,12379,12.379,8743,28,1951416,1
YES,C1,ALL,metamdbg,HYBRID,2120.03,27.86,43,2670,19.075000000000003,7374.787501700001,61637913,10.719999999999997,52905,2025.3700000000003,17.11,16,16,0,,,0,1,12379489571,12379,12.379,8743,28,1951416,1
YES,C2,ALL,metaflye,HYBRID,942.3399999999999,13.529999999999998,63,803,8.575,3354.1340478999996,24705845,5.27,21086,858.72,7.42,4,7,0,,,0,1,7032923992,7033,7.033,6354,22,2676273,1
YES,C2,ALL,metamdbg,HYBRID,1432.0300000000002,19.91,63,1543,12.908000000000001,5073.478242,41740031,7.930000000000001,35349,1340.06,11.039999999999997,8,12,0,,,0,1,7032923992,7033,7.033,6354,22,2676273,1
YES,C3,ALL,metaflye,HYBRID,199.59,1.4,2,73,1.7189999999999999,648.3056598000001,4543198,1.05,4010,95.94,0.88,2,2,0,,,0,1,1802762717,1803,1.803,8111,22,373554,1
YES,C3,ALL,metamdbg,HYBRID,499.46,9.83,20,176,4.251,1624.521696,13714052,2.49,11953,375.13,3.32,2,4,0,,,0,1,1802762717,1803,1.803,8111,22,373554,1
YES,C4,ALL,metaflye,HYBRID,6870.849999999998,77.47999999999999,420,4454,64.107,24104.665782800002,199865912,33.24000000000001,176177,6357.73,55.12000000000002,23,57,0,,,0,1,26947760055,26948,26.948,7212,31,5443518,1
YES,C4,ALL,metamdbg,HYBRID,8941.809999999998,131.65,451,5700,82.61400000000003,31146.133222199995,271340963,42.80000000000001,238495,8402.650000000001,72.94000000000001,44,76,0,,,0,1,26947760055,26948,26.948,7212,31,5443518,1
YES,C5,ALL,metaflye,HYBRID,3084.090000000001,28.77,138,1191,27.837999999999997,10881.739957100002,101146431,14.719999999999999,85893,3084.229999999999,26.63,10,27,0,,,0,1,5746402401,5746,5.746,9692,33,930895,1
YES,C5,ALL,metamdbg,HYBRID,2996.3900000000003,42.81999999999999,169,1126,27.982000000000006,10703.7876,96871220,14.639999999999999,83822,3067.0299999999993,25.449999999999996,9,20,0,,,0,1,5746402401,5746,5.746,9692,33,930895,1
YES,C6,ALL,metaflye,HYBRID,90.63,0.7,1,31,0.889,372.1343402,1577395,0.35,1258,97.35,0.94,1,1,0,,,0,1,952162855,952,0.952,4522,22,535169,0
YES,C6,ALL,metaflye,ont,1105.17,12.78,103,283,10.282,4031.7135894999997,32237081,5.59,27478,1165.6499999999999,10.149999999999999,0,7,0,,,0,0,,,,,,,
YES,C6,ALL,metamdbg,HYBRID,344.33,5.46,38,66,3.401,1363.062086,8266522,1.8199999999999998,6933,388.47999999999996,3.41,0,2,0,,,0,1,952162855,952,0.952,4522,22,535169,0
YES,D1,ALL,metaflye,HYBRID,1791.5300000000002,16.779999999999998,37,2285,15.719000000000001,6142.449732200001,72069280,9.41,60921,1757.8299999999997,15.09,10,18,0,,,0,1,9990750187,9991,9.991,8157,25,2092136,1
YES,D1,ALL,metamdbg,HYBRID,1966.4499999999998,18.499999999999996,47,2367,17.451999999999998,6750.320949,77414588,10.459999999999999,65986,1949.2999999999997,16.79,13,19,0,,,0,1,9990750187,9991,9.991,8157,25,2092136,1
YES,D2,ALL,metaflye,HYBRID,3135.5300000000007,22.830000000000005,123,3134,27.939000000000004,10390.986231799998,99998628,16.44,89679,3018.620000000001,26.89,16,30,0,,,0,1,13565788713,13566,13.566,8705,24,2273326,1
YES,D2,ALL,metamdbg,HYBRID,3246.98,44.7,78,3499,28.840000000000007,10729.47675,105686135,16.7,94712,3113.62,27.37,21,31,0,,,0,1,13565788713,13566,13.566,8705,24,2273326,1
YES,D3,ALL,metaflye,HYBRID,4820.379999999999,44.040000000000006,190,5001,42.669999999999995,16466.10958,168745155,24.89000000000001,144946,4574.9400000000005,39.97,27,46,0,,,0,1,21110863769,21111,21.111,10383,36,2856508,1
YES,D3,ALL,metamdbg,HYBRID,5556.519999999999,77.32999999999998,208,5275,49.64500000000002,18938.656075299994,194747353,28.930000000000003,169285,5245.19,45.57999999999999,33,50,0,,,0,1,21110863769,21111,21.111,10383,36,2856508,1
YES,D4,ALL,metaflye,HYBRID,3887.6999999999994,38.440000000000005,161,2966,34.794,13314.844695300004,130658359,20.860000000000003,113855,3774.08,32.73,15,34,0,,,0,1,16596852357,16597,16.597,8763,28,2792720,1
YES,D4,ALL,metamdbg,HYBRID,4129.949999999999,48.86,96,3596,36.51399999999999,13904.850543400005,138240770,21.990000000000002,121192,4068.7300000000005,34.84000000000001,28,39,0,,,0,1,16596852357,16597,16.597,8763,28,2792720,1
YES,D5,ALL,metaflye,HYBRID,13112.19999999999,164.32000000000005,461,13835,119.13699999999999,44762.966088599984,395053364,65.02000000000001,350569,12737.779999999995,110.90999999999997,66,115,0,,,0,1,69816267384,69816,69.816,8720,30,10225388,1
YES,D5,ALL,metaflye,ont,13702.699999999995,213.68000000000006,881,18232,126.55800000000005,46586.67391659998,398979807,68.85,361290,13692.329999999998,118.46000000000001,43,107,0,,,0,0,1.03E+11,102663,103,9052,16,28059781,1
YES,D5,ALL,metaflye,pb,13506.069999999994,154.86000000000004,578,9455,123.42699999999996,46260.51672969997,400346439,67.27000000000002,355523,13218.929999999998,114.50000000000007,62,117,0,,,0,0,48641553826,48642,49,8350,38,6737853,1
YES,D5,ALL,metamdbg,HYBRID,15418.389999999992,215.3499999999999,572,19378,140.84900000000005,52774.651689499995,458397000,76.78999999999998,407851,15126.169999999987,130.17999999999998,85,135,0,,,0,1,69816267384,69816,69.816,8720,30,10225388,1
YES,D5,ALL,metamdbg,ont,8346.869999999999,141.21000000000004,509,14651,78.81300000000002,29255.188726499997,246216682,42.46000000000001,220057,8207.29,69.89999999999999,29,60,0,,,0,0,1.03E+11,102663,103,9052,16,28059781,1
YES,D5,ALL,metamdbg,pb,13310.05999999999,170.27999999999992,453,13962,120.73999999999998,45237.32414419999,393662474,66.33,350482,12820.009999999995,111.39000000000003,75,120,0,,,0,0,48641553826,48642,49,8350,38,6737853,1
YES,D5,SUB_01G,metaflye,ont,392.72999999999996,3.0700000000000003,19,132,3.516,1349.729093,12032824,1.61,10357,390.25,3.45,1,4,1,,,1,0,1000027971,1000,1,9102,16,272653,1
YES,D5,SUB_01G,metaflye,pb,687.23,2.1999999999999997,55,195,6.163,2393.097285,25423094,2.92,21721,679.79,5.74,3,7,0,,,1,0,1000002893,1000,1,8332,38,138631,1
YES,D5,SUB_01G,metamdbg,pb,683.78,2.0999999999999996,51,197,6.165,2390.76202,25804082,2.92,22046,679.76,5.73,3,6,1,3,1.5,1,0,1000002893,1000,1,8332,38,138631,1
YES,D5,SUB_01G,metamdbg,ont,,,,,,,,,,,,,,0,,,1,0,1000027971,1000,1,9102,16,272653,1
YES,D5,SUB_05G,metaflye,ont,2037.3799999999997,39.48,192,887,19.005000000000003,6868.084869,65473778,9.909999999999998,59901,2023.51,17.09,5,14,1,,,1,0,5000019054,5000,5,9015,16,1369776,1
YES,D5,SUB_05G,metaflye,pb,3024.27,23.92,227,1204,27.912000000000003,10543.91144,93734868,15.01,82144,2897.15,25.070000000000007,7,26,0,,,1,0,5000000386,5000,5,8358,38,692168,1
YES,D5,SUB_05G,metamdbg,ont,380.96999999999997,4.2,20,616,3.534,1360.733415,13183167,1.57,11269,394,3.45,1,3,0,,,1,0,5000019054,5000,5,9015,16,1369776,1
YES,D5,SUB_05G,metamdbg,pb,3087.7299999999996,51.28,192,1214,27.954000000000004,10653.144744700003,98966550,15.040000000000003,86185,2888.8199999999993,24.94,13,25,1,2.6,1.785714286,1,0,5000000386,5000,5,8358,38,692168,1
YES,D5,SUB_10G,metaflye,ont,3958.8199999999997,83.52000000000001,368,1486,37.14,13123.353344999998,116422976,20.44,109801,4030.08,35.07999999999999,9,23,1,,,1,0,10000007075,10000,10,9051,16,2733519,1
YES,D5,SUB_10G,metaflye,pb,5556.29,64.83,377,2637,50.857000000000006,19173.701865300005,172070983,27.289999999999996,151574,5285.390000000001,45.669999999999995,19,47,0,,,1,0,10000006836,10000,10,8355,38,1384720,1
YES,D5,SUB_10G,metamdbg,ont,980.3899999999999,28.299999999999997,64,1129,8.688,3298.1194428999997,32219857,4,27965,872.4499999999999,7.46,5,7,0,,,1,0,10000007075,10000,10,9051,16,2733519,1
YES,D5,SUB_10G,metamdbg,pb,5601.559999999999,85.30000000000001,307,2635,51.73200000000003,19452.151973600005,168981449,27.709999999999997,149694,5381.69,46,24,47,1,2.666666667,2.043478261,1,0,10000006836,10000,10,8355,38,1384720,1
YES,D5,SUB_20G,metaflye,ont,6925.220000000001,136.34000000000006,537,3832,64.349,23331.999565400005,206377303,35.259999999999984,189087,6644.8,57.529999999999994,15,48,1,,,1,0,20000016029,20000,20,9037,16,5469320,1
YES,D5,SUB_20G,metaflye,pb,8876.709999999997,105.35,476,5525,80.66200000000002,30242.161695800005,263029328,43.58999999999999,233290,8488.299999999997,74.11,30,80,0,,,1,0,20000009127,20000,20,8350,38,2770442,1
YES,D5,SUB_20G,metamdbg,ont,2235.69,34.71,127,2939,20.027,7447.853763,66294504,10.68,58984,2131.65,18.18,10,20,0,,,1,0,20000016029,20000,20,9037,16,5469320,1
YES,D5,SUB_20G,metamdbg,pb,9279.929999999998,136.21999999999997,432,5589,84.98799999999996,31816.59660279999,278111712,45.849999999999994,247212,8981.939999999999,78.02000000000002,46,79,1,3.066666667,1.645833333,1,0,20000009127,20000,20,8350,38,2770442,1
YES,D5,SUB_30G,metaflye,ont,8930.41,142.44999999999996,628,5126,82.832,30142.772793900003,257681006,44.84,235706,8682.989999999998,76.32000000000002,25,64,1,,,1,0,30000011708,30000,30,9062,16,8194280,1
YES,D5,SUB_30G,metaflye,pb,10347.739999999996,127.24,473,7946,93.89300000000003,35200.43756,307043418,50.73000000000002,272623,9944.799999999997,86.78,40,92,0,,,1,0,30000011753,30000,30,8353,38,4155010,1
YES,D5,SUB_30G,metamdbg,ont,2578.6000000000004,49.35999999999999,140,3249,23.559,8696.061621,79686999,12.489999999999998,71767,2414.18,20.63,10,23,0,,,1,0,30000011708,30000,30,9062,16,8194280,1
YES,D5,SUB_30G,metamdbg,pb,10943.339999999995,152.52,425,8536,99.72000000000004,37235.707404699984,329065424,54.620000000000005,293913,10324.34,90.08000000000001,64,90,1,2.56,1.40625,1,0,30000011753,30000,30,8353,38,4155010,1
YES,D5,SUB_40G,metaflye,ont,9952.829999999994,154.68000000000004,638,8175,91.34299999999999,33566.75332249999,288817147,50.24999999999999,261963,9754.19,84.78999999999996,22,79,1,,,0,0,40000001039,40000,40,9054,16,10932847,1
YES,D5,SUB_40G,metaflye,pb,12854.169999999984,168.81999999999996,588,7747,116.40900000000002,43632.625332999996,383473871,63.90000000000003,340775,12444.870000000003,108.34999999999997,50,117,0,,,0,0,40000000652,40000,40,8351,38,5539529,1
YES,D5,SUB_40G,metamdbg,ont,4424.239999999998,86.42000000000003,250,5575,41.12499999999999,15228.306355800001,133297403,21.97,119507,4208.469999999999,34.96,20,32,0,,,0,0,40000001039,40000,40,9054,16,10932847,1
YES,D5,SUB_40G,metamdbg,pb,12441.529999999993,143.03999999999996,432,11494,112.84900000000003,42287.367881999984,368676428,61.93000000000001,328316,11956.649999999996,104.19000000000001,74,110,1,3.363636364,1.392405063,0,0,40000000652,40000,40,8351,38,5539529,1
YES,E1,ALL,metaflye,HYBRID,1044.8,6.660000000000001,83,423,9.460999999999999,3658.1223330999997,33589714,5.0200000000000005,28851,1067.97,9.150000000000002,0,8,0,,,0,1,2601996763,2602,2.602,3735,22,1485605,1
YES,E1,ALL,metamdbg,HYBRID,1638.87,11.91,130,509,14.770999999999999,5718.541621,52501941,7.800000000000002,44981,1641.9399999999998,14.010000000000002,1,14,0,,,0,1,2601996763,2602,2.602,3735,22,1485605,1
YES,E2,ALL,metaflye,HYBRID,1445.0200000000002,8.49,87,443,13.113,5059.376155,45518180,6.7700000000000005,39124,1454.1499999999999,12.55,4,12,0,,,0,1,2921456509,2921,2.921,13942,22,336765,1
YES,E2,ALL,metamdbg,HYBRID,2605.619999999999,41.67000000000001,143,493,24.430000000000003,9043.927669,72822123,12.299999999999999,64724,2431.28,21.210000000000004,10,18,0,,,0,1,2921456509,2921,2.921,13942,22,336765,1
YES,E3,ALL,metaflye,HYBRID,4955.2,48.169999999999995,260,2108,45.53000000000001,16826.563365500006,135805062,21.200000000000003,121718,4693.979999999998,41.62999999999999,19,46,0,,,0,1,10137690087,10138,10.138,10606,24,1824418,1
YES,E3,ALL,metamdbg,HYBRID,5284.669999999999,66.65,213,2582,48.260000000000005,18039.641997800005,150522931,22.41,133170,4992.360000000001,43.959999999999994,28,46,0,,,0,1,10137690087,10138,10.138,10606,24,1824418,1
YES,E4,ALL,metaflye,HYBRID,12940.869999999995,158.82000000000002,647,6301,122.25799999999997,44392.454408300015,296270400,55.090000000000046,267186,11699.49,102.46000000000004,54,105,0,,,0,1,28922220319,28922,28.922,7341,22,7005955,1
YES,E4,ALL,metamdbg,HYBRID,15626.329999999985,247.29999999999995,594,7694,145.27999999999994,53305.33705369999,385791862,68.06000000000004,345398,13246.9,116.14000000000009,82,133,0,,,0,1,28922220319,28922,28.922,7341,22,7005955,1
YES,E5,ALL,metaflye,HYBRID,5317.459999999998,49.510000000000005,175,5054,47.898999999999994,18048.802994899994,166884528,24.31,146891,4896.879999999999,41.68,28,46,0,,,0,1,26491943355,26492,26.492,12163,34,2769195,1
YES,E5,ALL,metamdbg,HYBRID,5672.839999999998,61.91000000000001,205,3745,51.514,19029.963590299998,168491303,25.909999999999997,150556,5169.329999999997,43.67,35,50,0,,,0,1,26491943355,26492,26.492,12163,34,2769195,1
YES,E6,ALL,metaflye,HYBRID,4346.83,40.78,155,4822,38.292,14967.22738,134882413,20.2,114496,4161.59,36.96,22,42,0,,,0,1,21238094318,21238,21.238,8142,25,3224463,1
YES,E6,ALL,metamdbg,HYBRID,4991.399999999999,65,158,4427,44.445,17280.995941000005,150561040,23.799999999999997,128915,4717.829999999998,41.86999999999999,26,46,0,,,0,1,21238094318,21238,21.238,8142,25,3224463,1
YES,F1,ALL,metaflye,HYBRID,1833.14,32.379999999999995,75,1306,16.442,6121.841241,60793945,9.239999999999998,54741,1848.26,15.73,12,16,0,,,0,1,5489076870,5489,5.489,11541,33,640302,1
YES,F1,ALL,metamdbg,HYBRID,1829.21,27.080000000000005,45,1343,16.43,6115.903580699999,61638630,9.239999999999997,55515,1847.0200000000002,15.66,13,15,0,,,0,1,5489076870,5489,5.489,11541,33,640302,1
YES,F2,ALL,metaflye,HYBRID,1164.8400000000001,16.790000000000003,76,1784,10.449,4124.931356,44890600,6.119999999999999,37796,1170.49,10.36,4,11,0,,,0,1,10159185030,10159,10.159,6123,21,3197929,1
YES,F2,ALL,metamdbg,HYBRID,2241.39,30.610000000000003,97,2239,19.957,7726.098006,74973146,12.2,64259,2233.3099999999995,19.57,12,22,0,,,0,1,10159185030,10159,10.159,6123,21,3197929,1
YES,F3,ALL,metaflye,HYBRID,1466.69,8.930000000000001,44,1567,12.886,4970.4158757999985,46806517,7.929999999999999,40718,1366.7800000000002,12.02,9,14,0,,,0,1,6512028048,6512,6.512,8587,22,1466697,1
YES,F3,ALL,metamdbg,HYBRID,2317.51,16.39,89,1886,20.729000000000006,7868.862265299999,69892313,12.35,61385,2138.35,18.7,15,20,0,,,0,1,6512028048,6512,6.512,8587,22,1466697,1
YES,F4,ALL,metaflye,HYBRID,2084.69,21.02,79,2930,19.001,7290.895299700001,63032051,11.149999999999997,54998,1944.2000000000003,16.830000000000002,13,16,0,,,0,1,15935362446,15935,15.935,10554,36,1956779,1
YES,F4,ALL,metamdbg,HYBRID,2101.27,20,42,3765,19.079,7320.955081,65102646,11.359999999999998,56907,1940.2000000000003,16.769999999999996,14,17,0,,,0,1,15935362446,15935,15.935,10554,36,1956779,1
YES,F5,ALL,metaflye,HYBRID,1553.69,15.540000000000001,84,633,13.829,5430.708566,55620939,7.92,46977,1462.5,12.96,3,14,0,,,0,1,5382421962,5382,5.382,7591,38,769618,1
YES,F5,ALL,metamdbg,HYBRID,2059.95,31.949999999999996,94,1264,18.233000000000004,7212.987088100001,78494195,10.129999999999999,65836,1943.32,16.53,12,19,0,,,0,1,5382421962,5382,5.382,7591,38,769618,1
YES,F6,ALL,metaflye,HYBRID,771.78,8.28,39,1943,6.995999999999999,2605.9432878999996,20215548,3.6399999999999997,17932,778.73,6.770000000000001,4,6,0,,,0,1,8164400882,8164,8.164,9953,21,1243088,1
YES,F6,ALL,metamdbg,HYBRID,1410.5699999999997,6,51,2314,13.044,4898.219789000001,38285881,7.599999999999999,34156,1259.0900000000001,10.799999999999999,7,10,0,,,0,1,8164400882,8164,8.164,9953,21,1243088,1
YES,G1,ALL,metaflye,HYBRID,2206.42,31.57,129,1270,19.933,7262.266423299999,61384241,10.510000000000002,56032,2222.59,19.310000000000002,10,17,0,,,0,1,9001837420,9002,9.002,10886,37,969536,1
YES,G1,ALL,metamdbg,HYBRID,2361.08,19.150000000000002,74,2020,20.87400000000001,7671.486319999999,71771979,10.75,64871,2320.72,20.17,15,22,0,,,0,1,9001837420,9002,9.002,10886,37,969536,1
YES,G2,ALL,metaflye,HYBRID,1625.8,9.559999999999999,59,2150,14.713000000000001,5501.856543,49632981,7.880000000000001,44110,1448.89,12.06,6,15,0,,,0,1,9424693205,9425,9.425,11204,33,1150070,1
YES,G2,ALL,metamdbg,HYBRID,1832.0600000000002,18.11,53,2152,16.421,6081.511244,59093314,8.950000000000001,53018,1541.7200000000003,12.73,11,15,0,,,0,1,9424693205,9425,9.425,11204,33,1150070,1
YES,G3,ALL,metaflye,HYBRID,1306.44,13.379999999999999,90,2345,12.151000000000002,4585.027599700001,39020942,6.48,34677,1260.7099999999998,10.81,6,9,0,,,0,1,16897701531,16898,16.898,8126,35,2511925,1
YES,G3,ALL,metamdbg,HYBRID,1772.1899999999998,17.939999999999998,81,3452,15.639000000000001,5881.022764700001,56853853,8.249999999999998,50364,1743.3299999999997,14.680000000000001,10,16,0,,,0,1,16897701531,16898,16.898,8126,35,2511925,1
YES,G4,ALL,metaflye,HYBRID,7092.92,89.11999999999999,404,6488,65.34199999999998,24458.937060799988,217802386,35.33,193828,6941.25,58.479999999999976,21,57,0,,,0,1,45210219749,45210,45.21,9380,35,6222056,1
YES,G4,ALL,metamdbg,HYBRID,7886.530000000001,120.79,318,9653,72.584,27358.596701599996,254417740,37.640000000000015,224504,7810.58,65.72999999999996,36,62,0,,,0,1,45210219749,45210,45.21,9380,35,6222056,1
YES,G5,ALL,metaflye,HYBRID,6169.48,63.690000000000005,220,4612,56.02800000000001,20927.483929599995,179005898,28.219999999999995,158497,5919.089999999999,50.01000000000001,28,55,0,,,0,1,16555566257,16556,16.556,10962,26,2317615,1
YES,G5,ALL,metamdbg,HYBRID,6856.689999999999,74.06,292,4358,62.22099999999999,23158.15696,196886028,31.379999999999995,175046,6523.1900000000005,55.98,33,62,0,,,0,1,16555566257,16556,16.556,10962,26,2317615,1
YES,G6,ALL,metaflye,HYBRID,1092.7900000000002,12.200000000000001,59,458,9.513,3700.8221780999997,39295697,5.33,33658,863.3600000000001,6.8500000000000005,3,11,0,,,0,1,2899553558,2900,2.9,8694,21,514915,1
YES,G6,ALL,metamdbg,HYBRID,1077.4900000000002,11.899999999999999,23,437,9.533000000000001,3579.772653,35143968,5.1899999999999995,30960,769.3799999999999,6.200000000000001,7,10,0,,,0,1,2899553558,2900,2.9,8694,21,514915,1
YES,H1,ALL,metaflye,HYBRID,1706.49,15.02,75,1428,15.615000000000004,5871.50646,51664160,9.28,45726,1544.01,13.09,9,13,0,,,0,1,12607172441,12607,12.607,9715,38,1478827,1
YES,H1,ALL,metamdbg,HYBRID,2027.9999999999998,12.760000000000002,72,2541,18.181,6877.988761,63171899,10.65,55533,1736.85,14.669999999999998,11,18,0,,,0,1,12607172441,12607,12.607,9715,38,1478827,1
YES,H2,ALL,metaflye,HYBRID,1546.31,22.68,102,832,13.792,5341.309839299999,45533360,8.68,39387,1450.82,12.339999999999998,6,14,0,,,0,1,4137884827,4138,4.138,12263,31,530376,1
YES,H2,ALL,metamdbg,HYBRID,1748.16,25.389999999999993,56,827,15.456,6004.868296,52437724,9.700000000000001,45153,1643.88,14.13,10,14,0,,,0,1,4137884827,4138,4.138,12263,31,530376,1
YES,H3,ALL,metaflye,HYBRID,578.5,1.66,44,125,5.202999999999999,1922.612894,14912216,2.69,13403,574.75,5.07,1,5,0,,,0,1,1110874791,1111,1.111,12617,24,131426,1
YES,H3,ALL,metamdbg,HYBRID,678.35,6.539999999999999,19,136,6.08,2237.634059,19746129,3.1999999999999997,17923,669.3899999999999,5.82,2,5,0,,,0,1,1110874791,1111,1.111,12617,24,131426,1
YES,H4,ALL,metaflye,HYBRID,1275.5999999999997,12.8,56,889,11.256,4188.150757,34407091,6.069999999999999,30614,1060.5400000000002,9.08,3,12,0,,,0,1,5804232480,5804,5.804,11070,37,643412,1
YES,H4,ALL,metamdbg,HYBRID,1864.3900000000006,23.57,39,1422,16.491,6172.173015,51548035,8.780000000000001,45564,1629.48,14.120000000000001,11,14,0,,,0,1,5804232480,5804,5.804,11070,37,643412,1
YES,H5,ALL,metaflye,HYBRID,782.47,8.95,72,562,7.065,2693.146585,22364910,3.91,19381,682.02,5.99,0,7,0,,,0,1,7045668138,7046,7.046,4056,21,3302588,0
YES,H5,ALL,metaflye,ont,2437.8199999999997,37.68,188,1762,22.600999999999996,8449.74647,69391047,13.209999999999999,61545,2426.080000000001,21.33,3,19,0,,,0,0,,,,,,,
YES,H5,ALL,metamdbg,HYBRID,1203.7900000000002,14.780000000000001,57,1036,11.368999999999998,4454.3028251999995,38924672,6.32,33031,1164.12,9.84,4,9,0,,,0,1,7045668138,7046,7.046,4056,21,3302588,0
YES,H6,ALL,metaflye,HYBRID,12451.879999999997,143.71000000000004,509,11835,112.731,41873.54074220002,353363345,61.310000000000024,316726,11794.189999999999,103.61000000000003,67,112,0,,,0,1,55272684364,55273,55.273,10244,33,6909573,1
YES,H6,ALL,metaflye,ont,9426.95,185.44,507,8087,87.68199999999999,31007.03659870001,274355811,46.98,261755,8682.089999999998,77.13000000000001,32,72,0,,,0,0,58040773304,58041,58,13214,16,11592461,1
YES,H6,ALL,metaflye,pb,12164.41,120.10000000000001,560,10004,111.718,41495.93498410001,343883955,60.42000000000002,307556,11795.719999999996,103.50000000000001,49,102,0,,,0,0,44169501747,44170,44,9800,36,5554527,1
YES,H6,ALL,metamdbg,HYBRID,13348.340000000002,164.79000000000005,526,12841,121.44000000000003,45065.855660300025,377620572,65.77000000000002,338533,12635.420000000002,109.60000000000002,77,110,0,,,0,1,55272684364,55273,55.273,10244,33,6909573,1
YES,H6,ALL,metamdbg,ont,4488.630000000002,97.15,253,5999,42.935999999999986,15979.845953300002,121872572,21.9,108800,4328.179999999999,36.839999999999996,18,33,0,,,0,0,58040773304,58041,58,13214,16,11592461,1
YES,H6,ALL,metamdbg,pb,12841.57,125.93,532,9699,116.20600000000005,43215.60416859999,365427930,63.28000000000003,327060,12087.159999999998,105.88000000000004,75,115,0,,,0,0,44169501747,44170,44,9800,36,5554527,1
YES,H6,SUB_01G,metaflye,ont,848.4399999999999,20.52,48,95,7.813000000000001,2762.4236404999997,25182477,3.87,23405,777.87,6.92,2,7,1,,,1,0,1000005606,1000,1,13068,16,200617,1
YES,H6,SUB_01G,metaflye,pb,878.2399999999999,6.85,37,131,7.913,2963.733422,25513153,3.85,22346,874.0400000000001,7.68,4,8,0,,,1,0,1000003209,1000,1,9814,36,125693,1
YES,H6,SUB_01G,metamdbg,ont,98.45,1.42,16,14,0.894,296.88126360000007,1825276,0.32,1836,98.69,0.87,0,1,0,,,1,0,1000005606,1000,1,13068,16,200617,1
YES,H6,SUB_01G,metamdbg,pb,787.1099999999999,16.869999999999997,26,115,7.055,2613.346382,23825984,3.4200000000000004,21008,776.66,6.67,4,6,1,2,0.857142857,1,0,1000003209,1000,1,9814,36,125693,1
YES,H6,SUB_05G,metaflye,ont,2777.18,54.52000000000001,195,594,26.769000000000002,9135.925442,83249351,14.059999999999999,82175,2789.73,24.19,5,16,1,,,1,0,5000003721,5000,5,13200,16,1000377,1
YES,H6,SUB_05G,metaflye,pb,3986.669999999999,55.760000000000005,261,857,36.63999999999999,13620.224862599996,114859531,19.150000000000006,102336,3863.389999999999,33.89,12,30,0,,,1,0,5000015514,5000,5,9804,36,628173,1
YES,H6,SUB_05G,metamdbg,ont,940.54,20.310000000000002,73,467,8.79,3232.512026,26592037,4.3500000000000005,23843,970.3299999999999,8.39,3,7,0,,,1,0,5000003721,5000,5,13200,16,1000377,1
YES,H6,SUB_05G,metamdbg,pb,3937.179999999999,67.58,173,983,35.907000000000004,13497.523090700002,119159451,19.049999999999997,105003,3568.5000000000005,31.23,22,29,1,4.4,1.8125,1,0,5000015514,5000,5,9804,36,628173,1
YES,H6,SUB_10G,metaflye,ont,3808.099999999999,86.27999999999999,247,1386,36.513999999999996,13031.29033,116315237,19.440000000000005,109370,3672.3700000000003,31.74,10,26,1,,,1,0,10000027794,10000,10,13205,16,1997533,1
YES,H6,SUB_10G,metaflye,pb,5533.200000000001,41.599999999999994,288,2044,50.677000000000014,19086.158788999997,156219572,26.85,137612,5414.29,47.74999999999999,17,48,0,,,1,0,10000000130,10000,10,9798,36,1257517,1
YES,H6,SUB_10G,metamdbg,ont,950.57,21.590000000000003,71,583,8.735,3174.7665260999997,26049879,4.15,23499,960.6899999999999,8.29,3,7,0,,,1,0,10000027794,10000,10,13205,16,1997533,1
YES,H6,SUB_10G,metamdbg,pb,5357.159999999998,71.63000000000002,309,1813,50.07999999999997,18926.520909900002,151668856,26.91,133298,5119.63,44.690000000000005,22,41,1,2.2,1.576923077,1,0,10000000130,10000,10,9798,36,1257517,1
YES,H6,SUB_20G,metaflye,ont,5971.570000000001,114.19000000000003,348,2971,56.40299999999998,20047.74677,175010893,30.489999999999995,164428,5984.610000000001,51.82999999999999,17,42,1,,,1,0,20000042457,20000,20,13187,16,3998025,1
YES,H6,SUB_20G,metaflye,pb,7633.32,96.65000000000002,317,4330,69.782,26134.00483,213518838,36.869999999999976,189141,7320.969999999999,64.6,29,65,0,,,1,0,20000005479,20000,20,9797,36,2515141,1
YES,H6,SUB_20G,metamdbg,ont,2609.4099999999994,65.41,212,1997,24.574999999999996,9107.596195800003,72684300,12.540000000000001,65286,2415.2799999999997,21.230000000000004,7,18,0,,,1,0,20000042457,20000,20,13187,16,3998025,1
YES,H6,SUB_20G,metamdbg,pb,7505.480000000001,82.32,297,4230,69.091,25983.449381700004,207803568,36.26999999999999,183243,7217.660000000001,62.68000000000002,39,62,1,2.294117647,1.476190476,1,0,20000005479,20000,20,9797,36,2515141,1
YES,H6,SUB_30G,metaflye,ont,6583.0300000000025,104.9,354,4281,61.739999999999995,22118.22504,187831147,32.33999999999999,174600,6555.6,57.02,22,49,1,,,1,0,30000002979,30000,30,13221,16,5990548,1
YES,H6,SUB_30G,metaflye,pb,9741.969999999998,98.32000000000001,407,6608,87.98899999999996,32896.694832900015,274750819,47.08999999999999,244622,9274.960000000001,82.01,39,88,0,,,1,0,30000002150,30000,30,9803,36,3771885,1
YES,H6,SUB_30G,metamdbg,ont,3099.0299999999997,58.769999999999996,211,3520,29.787,11020.23244,92364127,15.110000000000001,82943,3067.4899999999993,25.510000000000005,12,22,0,,,1,0,30000002979,30000,30,13221,16,5990548,1
YES,H6,SUB_30G,metamdbg,pb,9622.990000000003,114.58000000000001,343,6381,87.34700000000001,32576.59253,264485937,47.09000000000004,236003,9179.42,79.79,56,80,1,2.545454545,1.632653061,1,0,30000002150,30000,30,9803,36,3771885,1
YES,H6,SUB_40G,metaflye,ont,8312.64,184.36,519,5431,78.844,27671.09621,239845611,42.10000000000001,230759,7914.029999999999,69.61,21,54,1,,,0,0,40000011358,40000,40,13208,16,7991545,1
YES,H6,SUB_40G,metaflye,pb,11056.049999999997,124.21,510,7469,101.23899999999999,37651.177163500004,312914133,54.66000000000002,279992,10624.02,93.50000000000003,46,94,0,,,0,0,40000003250,40000,40,9798,36,5030603,1
YES,H6,SUB_40G,metamdbg,ont,3459.25,74.83999999999999,191,4424,32.28799999999999,11966.706246200001,92189056,16.409999999999997,82506,3555.7599999999998,30.55,13,24,0,,,0,0,40000011358,40000,40,13208,16,7991545,1
YES,H6,SUB_40G,metamdbg,pb,11760.379999999996,147.11999999999998,453,8686,106.522,39685.24632,335211042,58.00000000000002,299213,11013.110000000004,96.23000000000008,69,102,1,3.285714286,1.888888889,0,0,40000003250,40000,40,9798,36,5030603,1